{
"metadata": {
    "version": {
        "essentia": "2.1-beta2",
        "freesound_extractor": "0.3"
    },
    "audio_properties": {
        "equal_loudness": 0
    }
},
"rhythm": {
    "bpm": 126.551864624,
    "onset_rate": 3.79393482208,
    "beats_loudness": [0, 0, 0, 0.0365865603089, 0.0420738384128, 0.00866022985429, 0.0308669470251, 0.0458841137588, 0.0297458376735, 0.0951624587178, 0.0668389499187, 0.0827372744679, 0.0995985642076, 0.0351145789027, 0.104488566518, 0.0515048913658, 0.0559322796762, 0.0787917524576, 0.0331048630178, 0.134054809809, 0.0604229010642, 0.046123445034, 0.0657415017486, 0.062117561698, 0.0720946416259, 0.0446353144944, 0.05072497949, 0.0580765381455, 0.0702011734247, 0.0821113437414, 0.0455373674631, 0.0253153499216, 0.0270243231207, 0.069359883666, 0.113905392587, 0.0325740166008, 0.0538549460471, 0.051548011601, 0.0437868908048, 0.0273503363132, 0.0912318229675, 0.0450112298131, 0.0705904364586, 0.032875597477, 0.0542284362018, 0.0877204760909, 0.0433262847364, 0.11691968888, 0.111306667328, 0.0610199198127, 0.143972828984, 0.0224660523236, 0.11135776341, 0.024091668427, 0.0477001555264, 0.0632018074393, 0.0376381464303, 0.0387712754309, 0.0622489713132, 0.0709383562207, 0.0760557278991, 0.0197860151529, 0.072566613555, 0.0268882717937, 0.0625681653619, 0.0673200264573, 0.106485784054, 0.105530008674, 0.130711644888, 0.0559333339334, 0.0760536268353, 0.0843663811684, 0.0642800480127, 0.0986546799541, 0.0984926223755, 0.100773766637, 0.0752577260137, 0.0257697422057, 0.096528083086, 0.0538584478199, 0.104055479169, 0.0968288630247, 0.110732398927, 0.0857060998678, 0.0925078392029, 0.0463376417756, 0.0647424980998, 0.043327704072, 0.0217043515295, 0.0813705548644, 0.105752363801, 0.0972271934152, 0.0999174416065, 0.0306433662772, 0.0756822228432, 0.079879283905, 0.0373939238489, 0.064412496984, 0.123054943979, 0.0733199566603, 0.0768001452088, 0.0558326803148, 0.0773655846715, 0.0533332116902, 0.0864528641105, 0.0588396824896, 0.113811023533, 0.111357480288, 0.111560717225, 0.0640174001455, 0.0863010063767, 0.157053008676, 0.0809802263975, 0.109509207308, 0.129806607962, 0.0671887993813, 0.13486623764, 0.0394620485604, 0.108531616628, 0.0585383884609, 0.0865509137511, 0.0753228142858, 0.0510393120348, 0.0231291465461, 0.0120261544362, 0.00275124749169, 0.00100297387689, 0.000559898442589, 0.0271839313209, 0.000735255831387, 0.000393647962483, 0.00104580482002, 0.023205652833, 0.000593100325204, 0.000418924493715, 0.000666690873913, 0.1260561198, 0.137975439429, 0.114017732441, 0.123864151537, 0.135159432888, 0.130490109324, 0.142816022038, 0.121266506612, 0.141903758049, 0.124771565199, 0.120126962662, 0.119814731181, 0.219938471913, 0.124166481197, 0.11797440052, 0.12083697319, 0.209144771099, 0.0846304967999, 0.106723360717, 0.0390551611781, 0.133552372456, 0.0582692548633, 0.124438919127, 0.0348313674331, 0.163265258074, 0.062646612525, 0.125727146864, 0.03822196275, 0.113567128778, 0.122040458024, 0.127327546477, 0.122192196548, 0.15381129086, 0.0519911758602, 0.166885986924, 0.0337788686156, 0.170350372791, 0.0486376434565, 0.167598485947, 0.089317150414, 0.127972319722, 0.0374888069928, 0.143533989787, 0.0619456879795, 0.122430019081, 0.0728888809681, 0.0627123340964, 0.0444954149425, 0.217867508531, 0.101286053658, 0.147898375988, 0.0404288582504, 0.0820379555225, 0.0678729712963, 0.110919974744, 0.0544754266739, 0.133016809821, 0.0685949996114, 0.113901413977, 0.0466987602413, 0.159953504801, 0.0629496499896, 0.161557614803, 0.0457675680518, 0.127737313509, 0.0612552128732, 0.110770918429, 0.0420914851129, 0.138955444098, 0.080483071506, 0.189517781138, 0.0353602208197, 0.172681570053, 0.0809129327536, 0.13231754303, 0.0354350656271, 0.118343792856, 0.0637436136603, 0.0677976608276, 0.0387135706842, 0.110389903188, 0.0750824138522, 0.15505670011, 0.0305165294558, 0.202045798302, 0.0630991384387, 0.224683508277, 0.0401304848492, 0.133151695132, 0.0856709480286, 0.132374629378, 0.0407548286021, 0.09144859761, 0.0800992175937, 0.146386012435, 0.0431153960526, 0.170593157411, 0.0704783424735, 0.174397319555, 0.039278768003, 0.140097886324, 0.0685420557857, 0.139187186956, 0.028517531231],
    "first_peak_bpm": [126],
    "first_peak_spread": [0.489451467991],
    "first_peak_weight": [0.506276130676],
    "second_peak_bpm": [117],
    "second_peak_spread": [0.5],
    "second_peak_weight": [0.00418410031125],